Model,accuracy,f1_score
RandomForestClassifier,0.8190054358767868,0.7539350859452394
DecisionTreeClassifier,0.813569559089994,0.7466996854141096
KNeighborsClassifier,0.8071270384537951,0.7359556849498512
Support Vector Machine,0.7994765451983088,0.7233549681829178
Logistic Regression Classifier ,0.7916247231729414,0.7146453672306896
